{
  "pluginVersion": "4.0.2-300",
  "moduleLocation": "C:/Users/aWX914038/Documents/Projects/IAP/CodeLab_Push_Demo\\xmsadapter",
  "app": false,
  "kitNames": [],
  "strategy": [
    "HOrG"
  ],
  "kitInfos": {},
  "gKitInfos": {},
  "allFiles": {
    "README.md": "0bd8b2021d80c93d36cbfffcca8ea570fd52c60131677e2458aae0a8bb470b8c",
    "build.gradle": "09709c0707021a992cfc8a5ccb5b64121cddbf9f4076850923d9c759c5cf6257",
    "src\\main\\AndroidManifest.xml": "00b2afdad84e6b4656d75ac61a1e055e56a15f06bdf0f54f4cd0c497023a70f7",
    "src\\main\\java\\org\\xms\\g\\utils\\BridgeMethodUtils.java": "f43e3deaa762060b2000ae46d146afbd20491d18c5ca7f4911ee3ba1a3e4ce9e",
    "src\\main\\java\\org\\xms\\g\\utils\\Function.java": "a90a0bcc0e6a91c3b696ff13fb6b6618efce7f0ee24f32c84f6475eb812eab03",
    "src\\main\\java\\org\\xms\\g\\utils\\GlobalEnvSetting.java": "bab08d6cf044dce109283c9e3cfd6b48de37ba4f480b44ad801f7e6dae4eb070",
    "src\\main\\java\\org\\xms\\g\\utils\\Parameter.java": "815db578cf6a639d267a2a45dfaf50dff267572e3909dcf07f33868b023d3e2a",
    "src\\main\\java\\org\\xms\\g\\utils\\TypeNode.java": "c5612a1f43b604011e21d2e9450ed6388687bde68feef714bf60ba58593cac6f",
    "src\\main\\java\\org\\xms\\g\\utils\\Utils.java": "9fefa68bc684bf7bb675d1a1e9e7999670ad0123e4f3bd7321757d582144aa9d",
    "src\\main\\java\\org\\xms\\g\\utils\\XEnum.java": "bc3601a2534a51d95f79eb09f92c440ce5770052694cf297ea8b2772e5b6448c",
    "src\\main\\java\\org\\xms\\g\\utils\\XGettable.java": "6f3a001ad1217f6099f7896a10f0b0570e4933e80444664d5fd5fae97d7a6080",
    "src\\main\\java\\org\\xms\\g\\utils\\XInterface.java": "584d4cc5eebbaad23605850006a65202c23b9b2b8155c5de1eedb1e09eeb0273",
    "src\\main\\java\\org\\xms\\g\\utils\\XObject.java": "7cdd1cd2e5789a090b203279c97495c1347c84c73640d839c7e1ee10f09da6b1",
    "src\\main\\java\\org\\xms\\g\\utils\\XmsLog.java": "1ae6e938518b7cda7c95ac3e5383c53dd514d9ed6298c464edcc4799ee772e64"
  }
}